شماره,نام,نام خانوادگی,نام کامل,کد ملی,شماره موبایل
1,سعید,یوسفی,سعید یوسفی,5517535763,09387013974
2,لیلا,جعفری,لیلا جعفری,8782585881,09925976721
3,دانی,تبریزی,دانی تبریزی,8201157982,09302452178
4,علی,جعفری,علی جعفری,8380024291,09220646299
5,عایشه,نوری,عایشه نوری,1545629986,09172999000
6,محمدعلی,نژاد,محمدعلی نژاد,2022842677,09398654508
7,رقیه,حسنی,رقیه حسنی,7498062879,09167865560
8,کامران,غلامی,کامران غلامی,9811200866,09356044431
9,محمدجواد,یوسفی,محمدجواد یوسفی,5862102906,09161786082
10,آرتا,حسینی,آرتا حسینی,6144554424,09198951102
11,محمد,اهوازی,محمد اهوازی,5918838309,09302247777
12,محمدباقر,زاده,محمدباقر زاده,3668463859,09382129110
13,فاطمه‌سادات,رستمی,فاطمه‌سادات رستمی,9832131170,09226094876
14,حسین,یوسفی,حسین یوسفی,3322058026,09194254443
15,مهدی‌رضا,محمودی,مهدی‌رضا محمودی,0876534922,09335736652
16,آرمان,فر,آرمان فر,8855964917,09934314655
17,محمد,اصفهانی,محمد اصفهانی,3205122070,09136627522
18,آرمان,سیدصادقی,آرمان سیدصادقی,3083232251,09157040516
19,پردیس,نژاد,پردیس نژاد,6783762777,09171959628
20,امیر,تهرانی,امیر تهرانی,6067767678,09172621300
21,محمدباقر,سیدکریمی,محمدباقر سیدکریمی,8413585759,09918055511
22,طاهره,قمیمی,طاهره قمیمی,5142810147,09215397617
23,طاهره,سید,طاهره سید,2942428732,09180723850
24,دانی,گیلانی,دانی گیلانی,7518735687,09393883708
25,پریچهر,سیدکریمی,پریچهر سیدکریمی,5320372264,09172678311
26,معصومه,خالدی,معصومه خالدی,1080837078,09941644927
27,سیدحسین,غلامی,سیدحسین غلامی,5463616884,09359120639
28,محمدامین,پور,محمدامین پور,2887030078,09152453055
29,آرزو,فر,آرزو فر,2729165789,09200099489
30,دانیا,جعفری,دانیا جعفری,3967416186,09923611851
31,حسن‌علی,محمودی,حسن‌علی محمودی,9310964804,09155207859
32,کامبیز,رستمی,کامبیز رستمی,2502886767,09187682409
33,نرگس,امینی,نرگس امینی,2495617883,09175154064
34,پریوش,یعقوبی,پریوش یعقوبی,4067819463,09160711374
35,نرگس,مشهدی,نرگس مشهدی,3707787801,09174557951
36,علی‌اکبر,صادقی,علی‌اکبر صادقی,2244152855,09314036188
37,پگاه,یوسفی,پگاه یوسفی,6865887591,09932795201
38,علی‌اکبر,ترک,علی‌اکبر ترک,3868815627,09170383757
39,محمدصادق,سیدمحمدی,محمدصادق سیدمحمدی,6880528600,09947734888
40,دانیالا,یعقوبی,دانیالا یعقوبی,3380847720,09165201222
41,محمدامین,سلیمانی,محمدامین سلیمانی,7156675419,09398037691
42,پگاه,سلیمانی,پگاه سلیمانی,2518852281,09423059064
43,محمدصادق,تبریزی,محمدصادق تبریزی,0471714240,09907023591
44,کامبیز,یعقوبی,کامبیز یعقوبی,9440848626,09903163328
45,زینب‌سادات,یعقوبی,زینب‌سادات یعقوبی,4106006170,09144916892
46,فریبا,کرمانی,فریبا کرمانی,3690042100,09200579845
47,رضا,قمیمی,رضا قمیمی,5377083733,09949464103
48,رضوان,یوسفی,رضوان یوسفی,8962731894,09226716447
49,آرینا,محمودی,آرینا محمودی,0534717403,09943463938
50,علی,جعفری,علی جعفری,9978262997,09940857770
51,علی‌اصغر,حسنی,علی‌اصغر حسنی,6125816311,09218715892
52,علی,یوسفی,علی یوسفی,8902172708,09157969548
53,پگاه,گیلانی,پگاه گیلانی,6543097612,09354306589
54,دانیا,زاده,دانیا زاده,9180018610,09425234333
55,کامبیز,باقری,کامبیز باقری,8911479731,09353946798
56,آرتا,ترک,آرتا ترک,3423143282,09426410566
57,آرمانا,باقری,آرمانا باقری,7559580491,09346248004
58,پریوش,کریمی,پریوش کریمی,1868096866,09330242242
59,محمد,کریمی,محمد کریمی,8778367042,09307910293
60,رضوان,سیدزاده,رضوان سیدزاده,3331535206,09171999885
61,حسین,خالدی,حسین خالدی,5499649189,09176243332
62,محمدامین,تهرانی,محمدامین تهرانی,8177079298,09941867564
63,حسین,رستمی,حسین رستمی,9427965282,09137475940
64,زینب,فر,زینب فر,5821310350,09173753185
65,علی‌رضا,حیدری,علی‌رضا حیدری,8661045436,09173473905
66,زهرا,نژاد,زهرا نژاد,2188545249,09190011957
67,آرینا,ترک,آرینا ترک,5790843271,09926501643
68,احمد,حسینی,احمد حسینی,0462557571,09304841848
69,فاطمه,پور,فاطمه پور,3827038324,09223496206
70,آرینا,نوری,آرینا نوری,2804636569,09152084295
71,دانیا,یعقوبی,دانیا یعقوبی,0267233728,09316996624
72,احمد,تبریزی,احمد تبریزی,3009736746,09323392901
73,کامران,یوسفی,کامران یوسفی,3008703283,09348507056
74,خدیجه,عزیزی,خدیجه عزیزی,1882255577,09196424204
75,دانی,لطفی,دانی لطفی,2596832631,09919905660
76,احمد,غلامی,احمد غلامی,8249066944,09307454711
77,عایشه,پور,عایشه پور,3654769063,09395724098
78,امیر,لری,امیر لری,4764265095,09174944668
79,محمدتقی,سیدرضایی,محمدتقی سیدرضایی,3943871053,09908146857
80,آریا,بختیاری,آریا بختیاری,9058098354,09934953435
81,کامبیز,عرب,کامبیز عرب,0346110882,09194668227
82,زینب,عباسی,زینب عباسی,9166211204,09149726227
83,مریم‌سادات,سیداحمدی,مریم‌سادات سیداحمدی,9716425538,09365528948
84,آرتا,تهرانی,آرتا تهرانی,6715121400,09201696066
85,مهدی‌رضا,پور,مهدی‌رضا پور,9054929197,09399947879
86,عایشه,مازندرانی,عایشه مازندرانی,4506815671,09122180002
87,محمدامین,پور,محمدامین پور,0821279262,09306902126
88,سارا,عزیزی,سارا عزیزی,8150303871,09235883755
89,کامران,گیلانی,کامران گیلانی,1203446111,09224577876
90,آرینا,صادقی,آرینا صادقی,6433402283,09204887100
91,آراد,فارسی,آراد فارسی,5230489111,09217385851
92,پریچهر,سیدرضایی,پریچهر سیدرضایی,6571329190,09183762996
93,سمیرا,یوسفی,سمیرا یوسفی,1714430571,09206676207
94,دانیا,امینی,دانیا امینی,8789615697,09943622937
95,سیدحسین,زاده,سیدحسین زاده,7820951281,09147042004
96,آرمانا,یعقوبی,آرمانا یعقوبی,5130515323,09917896367
97,آرینا,رضایی,آرینا رضایی,6513076511,09393883664
98,نیلوفر,غلامی,نیلوفر غلامی,0180483641,09916462431
99,علی‌اصغر,امینی,علی‌اصغر امینی,4349938206,09924905145
100,محمدحسین,پور,محمدحسین پور,9921055674,09229022723
